date;klik;dilihat;sumber
01/01/2018;90;9083;ecommerce
02/01/2018;16;4139;ecommerce
03/01/2018;73;6181;ecommerce
04/01/2018;85;7099;ecommerce
05/01/2018;44;6477;ecommerce
06/01/2018;95;5832;ecommerce
07/01/2018;75;9779;ecommerce
08/01/2018;39;6548;ecommerce
09/01/2018;77;4166;ecommerce
10/01/2018;44;9848;ecommerce
11/01/2018;55;4737;ecommerce
12/01/2018;69;9452;ecommerce
13/01/2018;83;9304;ecommerce
14/01/2018;71;6319;ecommerce
15/01/2018;94;2233;ecommerce
16/01/2018;37;6763;ecommerce
17/01/2018;60;3194;ecommerce
18/01/2018;22;7088;ecommerce
19/01/2018;84;3947;ecommerce
20/01/2018;86;3900;ecommerce
21/01/2018;34;4639;ecommerce
22/01/2018;98;3113;ecommerce
23/01/2018;37;8165;ecommerce
24/01/2018;11;1896;ecommerce
25/01/2018;65;1891;ecommerce
26/01/2018;63;7426;ecommerce
27/01/2018;89;2491;ecommerce
28/01/2018;57;3901;ecommerce
29/01/2018;55;9980;ecommerce
30/01/2018;58;9642;ecommerce
31/01/2018;82;5312;ecommerce
01/02/2018;72;3581;ecommerce
02/02/2018;54;7047;ecommerce
03/02/2018;47;5349;ecommerce
04/02/2018;68;7381;ecommerce
05/02/2018;79;8376;ecommerce
06/02/2018;23;5317;ecommerce
07/02/2018;40;9079;ecommerce
08/02/2018;98;8951;ecommerce
09/02/2018;17;9230;ecommerce
10/02/2018;57;7652;ecommerce
11/02/2018;75;1852;ecommerce
12/02/2018;99;9872;ecommerce
13/02/2018;44;3222;ecommerce
14/02/2018;37;8355;ecommerce
15/02/2018;24;8650;ecommerce
16/02/2018;14;2768;ecommerce
17/02/2018;58;4565;ecommerce
18/02/2018;17;1586;ecommerce
19/02/2018;26;9002;ecommerce
20/02/2018;85;3469;ecommerce
21/02/2018;53;9124;ecommerce
22/02/2018;76;4756;ecommerce
23/02/2018;69;3998;ecommerce
24/02/2018;55;9561;ecommerce
25/02/2018;50;5886;ecommerce
26/02/2018;65;9169;ecommerce
27/02/2018;47;5153;ecommerce
28/02/2018;28;7040;ecommerce
01/03/2018;74;3961;ecommerce
02/03/2018;31;8537;ecommerce
03/03/2018;74;4826;ecommerce
04/03/2018;81;5225;ecommerce
05/03/2018;71;5345;ecommerce
06/03/2018;53;5729;ecommerce
07/03/2018;88;1640;ecommerce
08/03/2018;95;5457;ecommerce
09/03/2018;15;1812;ecommerce
10/03/2018;20;4834;ecommerce
11/03/2018;93;2309;ecommerce
12/03/2018;22;2923;ecommerce
13/03/2018;28;4804;ecommerce
14/03/2018;88;2832;ecommerce
15/03/2018;27;6297;ecommerce
16/03/2018;68;2578;ecommerce
17/03/2018;83;1875;ecommerce
18/03/2018;47;7270;ecommerce
19/03/2018;100;2352;ecommerce
20/03/2018;11;1633;ecommerce
21/03/2018;27;8083;ecommerce
22/03/2018;49;3943;ecommerce
23/03/2018;35;8253;ecommerce
24/03/2018;51;3501;ecommerce
25/03/2018;11;7886;ecommerce
26/03/2018;76;1510;ecommerce
27/03/2018;18;4151;ecommerce
28/03/2018;19;3286;ecommerce
29/03/2018;19;4675;ecommerce
30/03/2018;37;1968;ecommerce
31/03/2018;43;2826;ecommerce
01/04/2018;86;8349;ecommerce
02/04/2018;32;4389;ecommerce
03/04/2018;70;3451;ecommerce
04/04/2018;38;5063;ecommerce
05/04/2018;53;2952;ecommerce
06/04/2018;73;1033;ecommerce
07/04/2018;82;3085;ecommerce
08/04/2018;16;3772;ecommerce
09/04/2018;52;5112;ecommerce
10/04/2018;52;8658;ecommerce
11/04/2018;12;2280;ecommerce
12/04/2018;13;1480;ecommerce
13/04/2018;74;1609;ecommerce
14/04/2018;43;5035;ecommerce
15/04/2018;100;7834;ecommerce
16/04/2018;56;2807;ecommerce
17/04/2018;96;3777;ecommerce
18/04/2018;44;8117;ecommerce
19/04/2018;42;5894;ecommerce
20/04/2018;48;4307;ecommerce
21/04/2018;67;2202;ecommerce
22/04/2018;18;2209;ecommerce
23/04/2018;44;3312;ecommerce
24/04/2018;63;8126;ecommerce
25/04/2018;84;3319;ecommerce
26/04/2018;38;8143;ecommerce
27/04/2018;11;2362;ecommerce
28/04/2018;80;8530;ecommerce
29/04/2018;52;7698;ecommerce
30/04/2018;43;5727;ecommerce
01/05/2018;69;4849;ecommerce
02/05/2018;76;2122;ecommerce
03/05/2018;66;3135;ecommerce
04/05/2018;42;3947;ecommerce
05/05/2018;53;8906;ecommerce
06/05/2018;34;7272;ecommerce
07/05/2018;16;1141;ecommerce
08/05/2018;16;6361;ecommerce
09/05/2018;12;5198;ecommerce
10/05/2018;77;8590;ecommerce
11/05/2018;43;6289;ecommerce
12/05/2018;10;3523;ecommerce
13/05/2018;50;6294;ecommerce
14/05/2018;80;3599;ecommerce
15/05/2018;28;4929;ecommerce
16/05/2018;98;4150;ecommerce
17/05/2018;34;9164;ecommerce
18/05/2018;27;5690;ecommerce
19/05/2018;86;4375;ecommerce
20/05/2018;73;1633;ecommerce
21/05/2018;80;1759;ecommerce
22/05/2018;21;8088;ecommerce
23/05/2018;46;7398;ecommerce
24/05/2018;45;5935;ecommerce
25/05/2018;80;8331;ecommerce
26/05/2018;75;7755;ecommerce
27/05/2018;12;6427;ecommerce
28/05/2018;73;7537;ecommerce
29/05/2018;10;3221;ecommerce
30/05/2018;39;6666;ecommerce
31/05/2018;68;8703;ecommerce
01/06/2018;39;4527;ecommerce
02/06/2018;35;3209;ecommerce
03/06/2018;69;9643;ecommerce
04/06/2018;47;9274;ecommerce
05/06/2018;29;8465;ecommerce
06/06/2018;96;4578;ecommerce
07/06/2018;78;9665;ecommerce
08/06/2018;36;3082;ecommerce
09/06/2018;61;1232;ecommerce
10/06/2018;62;4463;ecommerce
11/06/2018;60;6972;ecommerce
12/06/2018;36;8904;ecommerce
13/06/2018;14;9568;ecommerce
14/06/2018;42;5664;ecommerce
15/06/2018;14;1019;ecommerce
16/06/2018;12;6050;ecommerce
17/06/2018;51;9035;ecommerce
18/06/2018;91;9847;ecommerce
19/06/2018;77;6351;ecommerce
20/06/2018;75;6136;ecommerce
21/06/2018;10;6295;ecommerce
22/06/2018;59;2627;ecommerce
23/06/2018;31;3608;ecommerce
24/06/2018;79;4453;ecommerce
25/06/2018;32;1126;ecommerce
26/06/2018;37;7131;ecommerce
27/06/2018;63;9184;ecommerce
28/06/2018;88;4733;ecommerce
29/06/2018;78;6372;ecommerce
30/06/2018;48;2553;ecommerce
01/07/2018;39;8647;ecommerce
02/07/2018;17;6454;ecommerce
03/07/2018;52;7287;ecommerce
04/07/2018;85;1446;ecommerce
05/07/2018;56;1962;ecommerce
06/07/2018;13;8440;ecommerce
07/07/2018;10;8959;ecommerce
08/07/2018;36;7293;ecommerce
09/07/2018;17;1258;ecommerce
10/07/2018;82;7481;ecommerce
11/07/2018;34;2757;ecommerce
12/07/2018;80;8618;ecommerce
13/07/2018;45;1039;ecommerce
14/07/2018;13;8016;ecommerce
15/07/2018;87;8235;ecommerce
16/07/2018;95;3734;ecommerce
17/07/2018;74;4986;ecommerce
18/07/2018;44;3280;ecommerce
19/07/2018;89;6090;ecommerce
20/07/2018;94;6385;ecommerce
21/07/2018;47;8677;ecommerce
22/07/2018;22;4104;ecommerce
23/07/2018;73;5092;ecommerce
24/07/2018;92;4140;ecommerce
25/07/2018;78;3547;ecommerce
26/07/2018;74;5983;ecommerce
27/07/2018;44;4379;ecommerce
28/07/2018;40;4246;ecommerce
29/07/2018;44;4375;ecommerce
30/07/2018;55;2817;ecommerce
31/07/2018;85;5005;ecommerce
01/08/2018;35;8924;ecommerce
02/08/2018;79;6630;ecommerce
03/08/2018;19;9294;ecommerce
04/08/2018;44;7550;ecommerce
05/08/2018;93;5262;ecommerce
06/08/2018;63;3962;ecommerce
07/08/2018;42;9834;ecommerce
08/08/2018;88;8312;ecommerce
09/08/2018;36;7724;ecommerce
10/08/2018;38;8805;ecommerce
11/08/2018;61;5024;ecommerce
12/08/2018;97;9655;ecommerce
13/08/2018;36;1830;ecommerce
14/08/2018;25;9054;ecommerce
15/08/2018;43;2808;ecommerce
16/08/2018;88;5908;ecommerce
17/08/2018;69;2072;ecommerce
18/08/2018;13;6746;ecommerce
19/08/2018;27;2675;ecommerce
20/08/2018;79;6338;ecommerce
21/08/2018;26;7756;ecommerce
22/08/2018;63;2013;ecommerce
23/08/2018;92;6592;ecommerce
24/08/2018;29;4764;ecommerce
25/08/2018;41;5086;ecommerce
26/08/2018;49;1557;ecommerce
27/08/2018;58;5914;ecommerce
28/08/2018;99;5882;ecommerce
29/08/2018;44;3134;ecommerce
30/08/2018;33;3564;ecommerce
31/08/2018;22;2774;ecommerce
01/09/2018;22;5218;ecommerce
02/09/2018;87;4656;ecommerce
03/09/2018;45;2482;ecommerce
04/09/2018;76;9963;ecommerce
05/09/2018;45;6807;ecommerce
06/09/2018;95;4950;ecommerce
07/09/2018;33;7179;ecommerce
08/09/2018;59;2457;ecommerce
09/09/2018;48;3092;ecommerce
10/09/2018;46;1570;ecommerce
11/09/2018;66;1418;ecommerce
12/09/2018;37;4718;ecommerce
13/09/2018;49;9071;ecommerce
14/09/2018;17;6787;ecommerce
15/09/2018;61;1702;ecommerce
16/09/2018;72;9990;ecommerce
17/09/2018;15;6128;ecommerce
18/09/2018;37;2974;ecommerce
19/09/2018;74;8974;ecommerce
20/09/2018;84;4435;ecommerce
21/09/2018;26;9627;ecommerce
22/09/2018;45;1816;ecommerce
23/09/2018;50;5008;ecommerce
24/09/2018;39;9863;ecommerce
25/09/2018;36;8189;ecommerce
26/09/2018;62;7259;ecommerce
27/09/2018;75;9609;ecommerce
28/09/2018;70;8967;ecommerce
29/09/2018;28;4365;ecommerce
30/09/2018;90;1713;ecommerce
01/10/2018;69;9973;ecommerce
02/10/2018;97;9598;ecommerce
03/10/2018;67;7961;ecommerce
04/10/2018;16;4518;ecommerce
05/10/2018;77;3776;ecommerce
06/10/2018;76;3816;ecommerce
07/10/2018;40;7183;ecommerce
08/10/2018;16;5740;ecommerce
09/10/2018;81;4986;ecommerce
10/10/2018;13;3647;ecommerce
11/10/2018;22;4055;ecommerce
12/10/2018;94;6336;ecommerce
13/10/2018;44;6580;ecommerce
14/10/2018;42;2689;ecommerce
15/10/2018;47;2278;ecommerce
16/10/2018;93;5438;ecommerce
17/10/2018;34;1757;ecommerce
18/10/2018;38;1245;ecommerce
19/10/2018;16;5018;ecommerce
20/10/2018;27;6648;ecommerce
21/10/2018;100;1955;ecommerce
22/10/2018;97;2278;ecommerce
23/10/2018;70;2818;ecommerce
24/10/2018;93;2593;ecommerce
25/10/2018;97;7077;ecommerce
26/10/2018;84;9786;ecommerce
27/10/2018;34;1056;ecommerce
28/10/2018;12;1083;ecommerce
29/10/2018;78;9212;ecommerce
30/10/2018;19;4236;ecommerce
31/10/2018;97;5217;ecommerce
01/11/2018;79;4002;ecommerce
02/11/2018;36;5793;ecommerce
03/11/2018;64;9822;ecommerce
04/11/2018;63;7494;ecommerce
05/11/2018;87;8495;ecommerce
06/11/2018;40;8134;ecommerce
07/11/2018;47;9302;ecommerce
08/11/2018;92;3641;ecommerce
09/11/2018;59;6770;ecommerce
10/11/2018;29;4415;ecommerce
11/11/2018;72;9219;ecommerce
12/11/2018;48;5099;ecommerce
13/11/2018;43;2520;ecommerce
14/11/2018;30;9746;ecommerce
15/11/2018;32;3239;ecommerce
16/11/2018;93;5609;ecommerce
17/11/2018;20;5486;ecommerce
18/11/2018;12;2385;ecommerce
19/11/2018;41;2174;ecommerce
20/11/2018;85;1792;ecommerce
21/11/2018;70;8202;ecommerce
22/11/2018;30;7242;ecommerce
23/11/2018;33;3658;ecommerce
24/11/2018;61;5608;ecommerce
25/11/2018;51;2675;ecommerce
26/11/2018;34;7737;ecommerce
27/11/2018;47;1950;ecommerce
28/11/2018;30;5939;ecommerce
29/11/2018;34;2034;ecommerce
30/11/2018;31;4224;ecommerce
01/12/2018;32;6628;ecommerce
02/12/2018;61;5393;ecommerce
03/12/2018;71;6974;ecommerce
04/12/2018;48;5629;ecommerce
05/12/2018;33;8290;ecommerce
06/12/2018;100;9916;ecommerce
07/12/2018;52;1661;ecommerce
08/12/2018;37;8134;ecommerce
09/12/2018;68;6359;ecommerce
10/12/2018;63;8793;ecommerce
11/12/2018;72;6344;ecommerce
12/12/2018;46;7366;ecommerce
13/12/2018;68;2820;ecommerce
14/12/2018;54;7220;ecommerce
15/12/2018;65;9573;ecommerce
16/12/2018;20;6704;ecommerce
17/12/2018;95;7754;ecommerce
18/12/2018;87;2266;ecommerce
19/12/2018;80;7099;ecommerce
20/12/2018;44;8282;ecommerce
21/12/2018;73;9073;ecommerce
22/12/2018;21;8376;ecommerce
23/12/2018;89;2015;ecommerce
24/12/2018;71;7368;ecommerce
25/12/2018;37;8961;ecommerce
26/12/2018;51;4503;ecommerce
27/12/2018;19;6621;ecommerce
28/12/2018;75;8534;ecommerce
29/12/2018;90;9991;ecommerce
30/12/2018;89;3507;ecommerce
31/12/2018;45;4920;ecommerce
01/01/2019;72;7364;ecommerce
02/01/2019;34;5442;ecommerce
03/01/2019;31;4527;ecommerce
04/01/2019;78;5505;ecommerce
05/01/2019;78;6118;ecommerce
06/01/2019;94;4639;ecommerce
07/01/2019;76;9650;ecommerce
08/01/2019;16;5762;ecommerce
09/01/2019;57;4788;ecommerce
10/01/2019;25;4127;ecommerce
11/01/2019;92;1954;ecommerce
12/01/2019;57;6443;ecommerce
13/01/2019;38;4157;ecommerce
14/01/2019;10;7984;ecommerce
15/01/2019;93;3439;ecommerce
16/01/2019;36;9032;ecommerce
17/01/2019;25;3071;ecommerce
18/01/2019;41;1146;ecommerce
19/01/2019;53;6615;ecommerce
20/01/2019;60;5264;ecommerce
21/01/2019;84;9552;ecommerce
22/01/2019;53;8444;ecommerce
23/01/2019;92;2263;ecommerce
24/01/2019;29;9212;ecommerce
25/01/2019;60;5193;ecommerce
26/01/2019;24;7537;ecommerce
27/01/2019;10;7390;ecommerce
28/01/2019;90;7448;ecommerce
29/01/2019;87;7647;ecommerce
30/01/2019;77;6352;ecommerce
31/01/2019;34;5660;ecommerce
01/02/2019;98;2329;ecommerce
02/02/2019;54;4111;ecommerce
03/02/2019;69;8527;ecommerce
04/02/2019;82;2489;ecommerce
05/02/2019;16;2618;ecommerce
06/02/2019;88;8707;ecommerce
07/02/2019;13;2579;ecommerce
08/02/2019;97;4623;ecommerce
09/02/2019;58;4332;ecommerce
10/02/2019;23;4645;ecommerce
11/02/2019;38;2345;ecommerce
12/02/2019;85;3815;ecommerce
13/02/2019;60;4822;ecommerce
14/02/2019;15;2075;ecommerce
15/02/2019;24;5104;ecommerce
16/02/2019;96;6420;ecommerce
17/02/2019;24;6219;ecommerce
18/02/2019;37;7031;ecommerce
19/02/2019;86;2714;ecommerce
20/02/2019;14;6394;ecommerce
21/02/2019;82;2579;ecommerce
22/02/2019;12;4947;ecommerce
23/02/2019;44;7945;ecommerce
24/02/2019;49;2450;ecommerce
25/02/2019;88;7333;ecommerce
26/02/2019;18;3689;ecommerce
27/02/2019;71;5069;ecommerce
28/02/2019;90;6241;ecommerce
01/03/2019;71;9879;ecommerce
02/03/2019;23;4995;ecommerce
03/03/2019;77;6835;ecommerce
04/03/2019;72;9828;ecommerce
05/03/2019;24;4483;ecommerce
06/03/2019;30;5712;ecommerce
07/03/2019;86;7427;ecommerce
08/03/2019;60;1821;ecommerce
09/03/2019;12;9020;ecommerce
10/03/2019;49;4706;ecommerce
11/03/2019;33;6191;ecommerce
12/03/2019;39;6013;ecommerce
13/03/2019;91;4451;ecommerce
14/03/2019;89;2663;ecommerce
15/03/2019;95;4734;ecommerce
16/03/2019;44;1134;ecommerce
17/03/2019;38;9187;ecommerce
18/03/2019;15;9670;ecommerce
19/03/2019;18;1488;ecommerce
20/03/2019;19;5588;ecommerce
21/03/2019;77;1826;ecommerce
22/03/2019;30;3616;ecommerce
23/03/2019;95;3936;ecommerce
24/03/2019;77;2824;ecommerce
25/03/2019;45;4707;ecommerce
26/03/2019;55;1959;ecommerce
27/03/2019;82;1074;ecommerce
28/03/2019;94;2711;ecommerce
29/03/2019;19;3935;ecommerce
30/03/2019;12;8334;ecommerce
31/03/2019;19;5464;ecommerce
01/04/2019;92;8234;ecommerce
02/04/2019;17;8381;ecommerce
03/04/2019;58;3513;ecommerce
04/04/2019;31;4808;ecommerce
05/04/2019;81;6145;ecommerce
06/04/2019;19;4665;ecommerce
07/04/2019;62;3927;ecommerce
08/04/2019;16;4958;ecommerce
09/04/2019;84;9670;ecommerce
10/04/2019;81;8468;ecommerce
11/04/2019;10;8774;ecommerce
12/04/2019;71;2573;ecommerce
13/04/2019;91;9881;ecommerce
14/04/2019;76;3187;ecommerce
15/04/2019;15;7301;ecommerce
16/04/2019;81;2444;ecommerce
17/04/2019;62;5935;ecommerce
18/04/2019;90;9513;ecommerce
19/04/2019;85;2268;ecommerce
20/04/2019;15;1815;ecommerce
21/04/2019;66;3052;ecommerce
22/04/2019;44;9315;ecommerce
23/04/2019;95;7362;ecommerce
24/04/2019;78;9228;ecommerce
25/04/2019;80;8822;ecommerce
26/04/2019;84;7724;ecommerce
27/04/2019;66;3111;ecommerce
28/04/2019;71;4136;ecommerce
29/04/2019;37;4972;ecommerce
30/04/2019;51;8990;ecommerce
01/05/2019;71;3513;ecommerce
02/05/2019;12;6694;ecommerce
03/05/2019;14;8563;ecommerce
04/05/2019;70;5707;ecommerce
05/05/2019;77;4706;ecommerce
06/05/2019;83;6468;ecommerce
07/05/2019;97;8968;ecommerce
08/05/2019;60;2582;ecommerce
09/05/2019;42;2497;ecommerce
10/05/2019;88;1303;ecommerce
11/05/2019;33;9068;ecommerce
12/05/2019;56;8635;ecommerce
13/05/2019;37;1808;ecommerce
14/05/2019;78;7273;ecommerce
15/05/2019;66;7001;ecommerce
16/05/2019;74;5412;ecommerce
17/05/2019;30;9688;ecommerce
18/05/2019;53;3034;ecommerce
19/05/2019;84;5192;ecommerce
20/05/2019;28;8195;ecommerce
21/05/2019;54;9635;ecommerce
22/05/2019;55;8891;ecommerce
23/05/2019;62;5575;ecommerce
24/05/2019;78;7887;ecommerce
25/05/2019;43;5881;ecommerce
26/05/2019;100;3549;ecommerce
27/05/2019;50;8562;ecommerce
28/05/2019;16;6672;ecommerce
29/05/2019;94;9704;ecommerce
30/05/2019;81;9221;ecommerce
31/05/2019;66;3225;ecommerce
01/06/2019;39;1813;ecommerce
02/06/2019;62;8217;ecommerce
03/06/2019;100;3549;ecommerce
04/06/2019;59;4884;ecommerce
05/06/2019;41;1638;ecommerce
06/06/2019;25;9819;ecommerce
07/06/2019;13;8735;ecommerce
08/06/2019;98;6951;ecommerce
09/06/2019;16;1741;ecommerce
10/06/2019;76;1259;ecommerce
11/06/2019;40;9668;ecommerce
12/06/2019;99;6877;ecommerce
13/06/2019;57;6167;ecommerce
14/06/2019;44;6418;ecommerce
15/06/2019;34;8756;ecommerce
16/06/2019;39;6605;ecommerce
17/06/2019;74;5489;ecommerce
18/06/2019;40;4995;ecommerce
19/06/2019;23;7092;ecommerce
20/06/2019;27;5108;ecommerce
21/06/2019;53;7418;ecommerce
22/06/2019;78;3461;ecommerce
23/06/2019;66;3116;ecommerce
24/06/2019;16;8055;ecommerce
25/06/2019;20;7555;ecommerce
26/06/2019;33;9929;ecommerce
27/06/2019;68;9802;ecommerce
28/06/2019;79;6784;ecommerce
29/06/2019;99;9366;ecommerce
30/06/2019;15;5066;ecommerce
01/07/2019;23;8762;ecommerce
02/07/2019;46;3100;ecommerce
03/07/2019;90;4010;ecommerce
04/07/2019;29;7518;ecommerce
05/07/2019;57;1839;ecommerce
06/07/2019;13;6301;ecommerce
07/07/2019;12;8704;ecommerce
08/07/2019;61;9347;ecommerce
09/07/2019;28;2830;ecommerce
10/07/2019;88;8601;ecommerce
11/07/2019;39;8367;ecommerce
12/07/2019;27;6201;ecommerce
13/07/2019;90;3432;ecommerce
14/07/2019;11;1336;ecommerce
15/07/2019;48;4553;ecommerce
16/07/2019;50;3248;ecommerce
17/07/2019;57;2206;ecommerce
18/07/2019;34;2745;ecommerce
19/07/2019;86;3129;ecommerce
20/07/2019;41;9274;ecommerce
21/07/2019;43;4950;ecommerce
22/07/2019;29;9897;ecommerce
23/07/2019;99;6165;ecommerce
24/07/2019;49;4491;ecommerce
25/07/2019;53;6840;ecommerce
26/07/2019;41;7739;ecommerce
27/07/2019;59;1419;ecommerce
28/07/2019;60;9138;ecommerce
29/07/2019;79;9925;ecommerce
30/07/2019;78;9587;ecommerce
31/07/2019;90;8379;ecommerce
01/08/2019;83;1567;ecommerce
02/08/2019;48;4288;ecommerce
03/08/2019;30;1687;ecommerce
04/08/2019;85;6040;ecommerce
05/08/2019;53;2529;ecommerce
06/08/2019;35;5781;ecommerce
07/08/2019;40;1262;ecommerce
08/08/2019;21;4063;ecommerce
09/08/2019;62;3647;ecommerce
10/08/2019;12;3304;ecommerce
11/08/2019;41;4065;ecommerce
12/08/2019;26;2245;ecommerce
13/08/2019;10;9795;ecommerce
14/08/2019;53;1189;ecommerce
15/08/2019;99;6742;ecommerce
16/08/2019;27;3110;ecommerce
17/08/2019;48;4116;ecommerce
18/08/2019;46;3053;ecommerce
19/08/2019;52;3419;ecommerce
20/08/2019;71;9531;ecommerce
21/08/2019;13;1443;ecommerce
22/08/2019;72;6333;ecommerce
23/08/2019;65;8517;ecommerce
24/08/2019;48;7256;ecommerce
25/08/2019;92;4794;ecommerce
26/08/2019;98;5661;ecommerce
27/08/2019;78;2565;ecommerce
28/08/2019;86;6777;ecommerce
29/08/2019;100;9973;ecommerce
30/08/2019;29;2492;ecommerce
31/08/2019;60;9527;ecommerce
01/09/2019;94;8219;ecommerce
02/09/2019;38;1011;ecommerce
03/09/2019;49;1155;ecommerce
04/09/2019;100;2307;ecommerce
05/09/2019;85;2490;ecommerce
06/09/2019;100;7867;ecommerce
07/09/2019;42;7592;ecommerce
08/09/2019;86;4306;ecommerce
09/09/2019;100;3514;ecommerce
10/09/2019;53;5588;ecommerce
11/09/2019;95;6357;ecommerce
12/09/2019;86;1071;ecommerce
13/09/2019;90;3610;ecommerce
14/09/2019;99;6734;ecommerce
15/09/2019;80;9243;ecommerce
16/09/2019;57;5371;ecommerce
17/09/2019;79;7041;ecommerce
18/09/2019;73;3067;ecommerce
19/09/2019;39;5751;ecommerce
20/09/2019;96;2861;ecommerce
21/09/2019;21;9983;ecommerce
22/09/2019;42;5899;ecommerce
23/09/2019;30;3553;ecommerce
24/09/2019;29;2040;ecommerce
25/09/2019;36;4103;ecommerce
26/09/2019;63;8552;ecommerce
27/09/2019;47;2301;ecommerce
28/09/2019;38;6839;ecommerce
29/09/2019;53;5295;ecommerce
30/09/2019;60;7936;ecommerce
01/10/2019;74;8843;ecommerce
02/10/2019;22;8352;ecommerce
03/10/2019;100;4012;ecommerce
04/10/2019;84;5400;ecommerce
05/10/2019;55;2307;ecommerce
06/10/2019;86;9929;ecommerce
07/10/2019;69;9291;ecommerce
08/10/2019;50;1079;ecommerce
09/10/2019;62;2986;ecommerce
10/10/2019;27;8021;ecommerce
11/10/2019;46;1949;ecommerce
12/10/2019;11;5962;ecommerce
13/10/2019;32;4741;ecommerce
14/10/2019;25;6492;ecommerce
15/10/2019;12;4079;ecommerce
16/10/2019;97;5085;ecommerce
17/10/2019;70;4531;ecommerce
18/10/2019;34;9460;ecommerce
19/10/2019;55;6686;ecommerce
20/10/2019;53;2240;ecommerce
21/10/2019;60;3858;ecommerce
22/10/2019;71;8335;ecommerce
23/10/2019;25;3620;ecommerce
24/10/2019;91;6464;ecommerce
25/10/2019;58;3243;ecommerce
26/10/2019;23;3858;ecommerce
27/10/2019;22;8142;ecommerce
28/10/2019;34;4223;ecommerce
29/10/2019;53;8050;ecommerce
30/10/2019;43;8424;ecommerce
31/10/2019;90;8680;ecommerce
01/11/2019;61;8504;ecommerce
02/11/2019;78;3630;ecommerce
03/11/2019;40;7459;ecommerce
04/11/2019;65;7085;ecommerce
05/11/2019;13;2219;ecommerce
06/11/2019;25;8326;ecommerce
07/11/2019;57;3198;ecommerce
08/11/2019;59;6655;ecommerce
09/11/2019;17;3369;ecommerce
10/11/2019;45;2739;ecommerce
11/11/2019;62;8428;ecommerce
12/11/2019;38;1733;ecommerce
13/11/2019;39;3584;ecommerce
14/11/2019;98;2702;ecommerce
15/11/2019;84;4823;ecommerce
16/11/2019;87;4910;ecommerce
17/11/2019;87;8781;ecommerce
18/11/2019;40;1284;ecommerce
19/11/2019;28;7969;ecommerce
20/11/2019;47;9070;ecommerce
21/11/2019;34;4573;ecommerce
22/11/2019;38;3907;ecommerce
23/11/2019;41;9578;ecommerce
24/11/2019;11;3929;ecommerce
25/11/2019;74;7286;ecommerce
26/11/2019;48;9811;ecommerce
27/11/2019;68;2965;ecommerce
28/11/2019;80;3099;ecommerce
29/11/2019;15;1713;ecommerce
30/11/2019;65;1983;ecommerce
01/12/2019;90;3419;ecommerce
02/12/2019;44;4779;ecommerce
03/12/2019;70;8799;ecommerce
04/12/2019;67;4644;ecommerce
05/12/2019;41;7710;ecommerce
06/12/2019;99;7160;ecommerce
07/12/2019;67;1109;ecommerce
08/12/2019;65;1823;ecommerce
09/12/2019;86;1716;ecommerce
10/12/2019;64;2263;ecommerce
11/12/2019;25;8881;ecommerce
12/12/2019;93;9812;ecommerce
13/12/2019;68;7253;ecommerce
14/12/2019;30;9471;ecommerce
15/12/2019;31;4847;ecommerce
16/12/2019;100;1233;ecommerce
17/12/2019;31;3470;ecommerce
18/12/2019;53;1668;ecommerce
19/12/2019;26;9895;ecommerce
20/12/2019;85;7856;ecommerce
21/12/2019;11;8244;ecommerce
22/12/2019;20;2290;ecommerce
23/12/2019;24;1064;ecommerce
24/12/2019;53;8340;ecommerce
25/12/2019;81;2679;ecommerce
26/12/2019;29;2232;ecommerce
27/12/2019;56;2863;ecommerce
28/12/2019;59;7937;ecommerce
29/12/2019;33;8824;ecommerce
30/12/2019;17;1716;ecommerce
31/12/2019;62;2237;ecommerce
01/01/2020;43;3309;ecommerce
02/01/2020;77;3760;ecommerce
03/01/2020;72;8834;ecommerce
04/01/2020;97;5313;ecommerce
05/01/2020;90;2732;ecommerce
06/01/2020;96;9969;ecommerce
07/01/2020;35;5412;ecommerce
08/01/2020;28;1219;ecommerce
09/01/2020;40;7570;ecommerce
10/01/2020;13;8908;ecommerce
11/01/2020;82;8539;ecommerce
12/01/2020;13;9051;ecommerce
13/01/2020;19;1284;ecommerce
14/01/2020;14;7650;ecommerce
15/01/2020;30;2042;ecommerce
16/01/2020;92;1038;ecommerce
17/01/2020;29;5764;ecommerce
18/01/2020;100;9921;ecommerce
19/01/2020;41;6594;ecommerce
20/01/2020;54;7370;ecommerce
21/01/2020;29;7388;ecommerce
22/01/2020;25;2438;ecommerce
23/01/2020;21;4651;ecommerce
24/01/2020;56;7218;ecommerce
25/01/2020;60;6715;ecommerce
26/01/2020;13;8219;ecommerce
27/01/2020;77;7179;ecommerce
28/01/2020;87;4884;ecommerce
29/01/2020;64;6875;ecommerce
30/01/2020;42;1029;ecommerce
31/01/2020;59;8054;ecommerce
01/02/2020;52;3927;ecommerce
02/02/2020;23;2621;ecommerce
03/02/2020;98;3204;ecommerce
04/02/2020;16;8389;ecommerce
05/02/2020;85;8223;ecommerce
06/02/2020;13;8458;ecommerce
07/02/2020;96;9844;ecommerce
08/02/2020;19;8589;ecommerce
09/02/2020;63;5313;ecommerce
10/02/2020;77;1296;ecommerce
11/02/2020;32;5411;ecommerce
12/02/2020;23;3765;ecommerce
13/02/2020;77;9327;ecommerce
14/02/2020;11;6293;ecommerce
15/02/2020;58;6683;ecommerce
16/02/2020;29;7888;ecommerce
17/02/2020;43;4785;ecommerce
18/02/2020;95;8256;ecommerce
19/02/2020;46;5216;ecommerce
20/02/2020;79;9904;ecommerce
21/02/2020;95;2006;ecommerce
22/02/2020;29;3911;ecommerce
23/02/2020;69;4936;ecommerce
24/02/2020;61;2261;ecommerce
25/02/2020;43;9531;ecommerce
26/02/2020;51;3981;ecommerce
27/02/2020;89;9078;ecommerce
28/02/2020;58;1789;ecommerce
29/02/2020;16;1246;ecommerce
01/03/2020;79;6113;ecommerce
02/03/2020;59;3425;ecommerce
03/03/2020;47;2223;ecommerce
04/03/2020;68;7792;ecommerce
05/03/2020;33;9452;ecommerce
06/03/2020;50;3886;ecommerce
07/03/2020;63;1217;ecommerce
08/03/2020;60;5063;ecommerce
09/03/2020;96;4883;ecommerce
10/03/2020;10;6534;ecommerce
11/03/2020;64;5672;ecommerce
12/03/2020;65;1847;ecommerce
13/03/2020;21;1191;ecommerce
14/03/2020;15;9060;ecommerce
15/03/2020;35;8396;ecommerce
16/03/2020;80;1028;ecommerce
17/03/2020;25;4591;ecommerce
18/03/2020;19;2401;ecommerce
19/03/2020;28;2385;ecommerce
20/03/2020;86;4725;ecommerce
21/03/2020;41;8226;ecommerce
22/03/2020;79;3820;ecommerce
23/03/2020;69;5960;ecommerce
24/03/2020;67;4008;ecommerce
25/03/2020;17;1249;ecommerce
26/03/2020;99;6074;ecommerce
27/03/2020;77;7073;ecommerce
28/03/2020;72;7942;ecommerce
29/03/2020;74;7889;ecommerce
30/03/2020;92;6016;ecommerce
31/03/2020;28;4356;ecommerce
01/04/2020;46;3038;ecommerce
02/04/2020;59;7495;ecommerce
03/04/2020;100;3181;ecommerce
04/04/2020;50;3676;ecommerce
05/04/2020;12;1020;ecommerce
06/04/2020;82;1014;ecommerce
07/04/2020;67;7346;ecommerce
08/04/2020;64;5542;ecommerce
09/04/2020;21;4162;ecommerce
10/04/2020;97;1842;ecommerce
11/04/2020;41;1132;ecommerce
12/04/2020;45;3202;ecommerce
13/04/2020;51;3764;ecommerce
14/04/2020;89;2494;ecommerce
15/04/2020;15;5922;ecommerce
16/04/2020;24;5203;ecommerce
17/04/2020;62;4252;ecommerce
18/04/2020;73;3223;ecommerce
19/04/2020;37;4003;ecommerce
20/04/2020;35;1033;ecommerce
21/04/2020;43;2194;ecommerce
22/04/2020;93;8999;ecommerce
23/04/2020;28;9064;ecommerce
24/04/2020;54;3243;ecommerce
25/04/2020;43;9863;ecommerce
26/04/2020;27;5632;ecommerce
27/04/2020;15;8102;ecommerce
28/04/2020;21;7540;ecommerce
29/04/2020;24;2523;ecommerce
30/04/2020;19;7370;ecommerce
01/05/2020;34;6487;ecommerce
02/05/2020;42;4747;ecommerce
03/05/2020;66;5184;ecommerce
04/05/2020;92;6180;ecommerce
05/05/2020;91;1225;ecommerce
06/05/2020;23;8934;ecommerce
07/05/2020;62;1122;ecommerce
08/05/2020;49;8613;ecommerce
09/05/2020;26;3035;ecommerce
10/05/2020;86;1491;ecommerce
11/05/2020;13;7129;ecommerce
12/05/2020;25;3927;ecommerce
13/05/2020;90;5299;ecommerce
14/05/2020;16;1058;ecommerce
15/05/2020;71;3115;ecommerce
16/05/2020;100;2206;ecommerce
17/05/2020;31;1149;ecommerce
18/05/2020;27;8935;ecommerce
19/05/2020;32;1892;ecommerce
20/05/2020;76;4374;ecommerce
21/05/2020;29;5880;ecommerce
22/05/2020;89;8018;ecommerce
23/05/2020;34;3721;ecommerce
24/05/2020;98;3574;ecommerce
25/05/2020;12;2201;ecommerce
26/05/2020;65;4171;ecommerce
27/05/2020;25;6662;ecommerce
28/05/2020;15;8628;ecommerce
29/05/2020;64;7255;ecommerce
30/05/2020;63;6983;ecommerce
31/05/2020;55;4769;ecommerce
01/06/2020;46;6328;ecommerce
02/06/2020;53;2264;ecommerce
03/06/2020;14;1848;ecommerce
04/06/2020;29;4675;ecommerce
05/06/2020;16;4126;ecommerce
06/06/2020;62;5201;ecommerce
07/06/2020;83;9408;ecommerce
08/06/2020;28;1943;ecommerce
09/06/2020;98;7321;ecommerce
10/06/2020;45;3168;ecommerce
11/06/2020;58;4102;ecommerce
12/06/2020;22;1190;ecommerce
13/06/2020;39;2858;ecommerce
14/06/2020;61;5417;ecommerce
15/06/2020;41;1255;ecommerce
16/06/2020;24;2730;ecommerce
17/06/2020;33;7700;ecommerce
18/06/2020;25;8500;ecommerce
19/06/2020;89;5435;ecommerce
20/06/2020;13;8865;ecommerce
21/06/2020;83;2608;ecommerce
22/06/2020;63;1693;ecommerce
23/06/2020;12;7837;ecommerce
24/06/2020;19;6394;ecommerce
25/06/2020;41;4344;ecommerce
26/06/2020;43;3416;ecommerce
27/06/2020;26;6489;ecommerce
28/06/2020;55;7887;ecommerce
29/06/2020;51;2774;ecommerce
30/06/2020;82;8482;ecommerce
01/07/2020;16;6726;ecommerce
02/07/2020;78;6784;ecommerce
03/07/2020;16;5100;ecommerce
04/07/2020;56;8591;ecommerce
05/07/2020;25;8281;ecommerce
06/07/2020;29;7497;ecommerce
07/07/2020;78;5443;ecommerce
08/07/2020;68;9067;ecommerce
09/07/2020;56;1160;ecommerce
10/07/2020;70;5996;ecommerce
11/07/2020;40;1592;ecommerce
12/07/2020;22;9419;ecommerce
13/07/2020;55;1980;ecommerce
14/07/2020;63;5776;ecommerce
15/07/2020;23;5632;ecommerce
16/07/2020;65;5235;ecommerce
17/07/2020;16;1351;ecommerce
18/07/2020;58;5310;ecommerce
19/07/2020;93;7754;ecommerce
20/07/2020;97;6998;ecommerce
21/07/2020;89;8406;ecommerce
22/07/2020;100;4821;ecommerce
23/07/2020;23;2009;ecommerce
24/07/2020;42;6281;ecommerce
25/07/2020;47;5980;ecommerce
26/07/2020;71;1734;ecommerce
27/07/2020;76;6818;ecommerce
28/07/2020;16;7218;ecommerce
29/07/2020;20;9686;ecommerce
30/07/2020;67;3462;ecommerce
31/07/2020;35;1464;ecommerce
01/08/2020;21;3386;ecommerce
02/08/2020;47;1786;ecommerce
03/08/2020;89;2154;ecommerce
04/08/2020;14;9305;ecommerce
05/08/2020;47;5315;ecommerce
06/08/2020;52;2841;ecommerce
07/08/2020;13;1164;ecommerce
08/08/2020;42;2979;ecommerce
09/08/2020;51;8181;ecommerce
10/08/2020;59;1178;ecommerce
11/08/2020;16;2034;ecommerce
12/08/2020;43;3752;ecommerce
13/08/2020;96;4787;ecommerce
14/08/2020;82;1693;ecommerce
15/08/2020;49;6806;ecommerce
16/08/2020;55;6245;ecommerce
17/08/2020;87;1379;ecommerce
18/08/2020;13;6169;ecommerce
19/08/2020;66;6483;ecommerce
20/08/2020;29;1880;ecommerce
21/08/2020;33;3295;ecommerce
22/08/2020;28;4840;ecommerce
23/08/2020;38;3974;ecommerce
24/08/2020;53;3520;ecommerce
25/08/2020;18;1598;ecommerce
26/08/2020;38;5653;ecommerce
27/08/2020;52;8195;ecommerce
28/08/2020;47;7608;ecommerce
29/08/2020;40;2208;ecommerce
30/08/2020;22;4986;ecommerce
31/08/2020;23;1906;ecommerce
01/09/2020;97;7291;ecommerce
02/09/2020;50;5435;ecommerce
03/09/2020;55;3942;ecommerce
04/09/2020;58;1260;ecommerce
05/09/2020;70;9805;ecommerce
06/09/2020;38;4068;ecommerce
07/09/2020;78;1841;ecommerce
08/09/2020;53;8902;ecommerce
09/09/2020;55;5970;ecommerce
10/09/2020;38;6472;ecommerce
11/09/2020;67;4715;ecommerce
12/09/2020;28;5562;ecommerce
13/09/2020;72;2987;ecommerce
14/09/2020;46;2423;ecommerce
15/09/2020;19;3091;ecommerce
16/09/2020;12;3924;ecommerce
17/09/2020;52;8372;ecommerce
18/09/2020;89;3010;ecommerce
19/09/2020;78;8246;ecommerce
20/09/2020;29;4599;ecommerce
21/09/2020;35;3920;ecommerce
22/09/2020;46;2863;ecommerce
23/09/2020;49;9918;ecommerce
24/09/2020;60;2521;ecommerce
25/09/2020;79;9716;ecommerce
26/09/2020;15;2832;ecommerce
27/09/2020;17;6952;ecommerce
28/09/2020;60;6287;ecommerce
29/09/2020;67;3477;ecommerce
30/09/2020;98;9024;ecommerce
01/10/2020;70;4446;ecommerce
02/10/2020;24;4589;ecommerce
03/10/2020;16;3240;ecommerce
04/10/2020;68;5268;ecommerce
05/10/2020;84;5380;ecommerce
06/10/2020;11;3734;ecommerce
07/10/2020;90;6102;ecommerce
08/10/2020;15;6361;ecommerce
09/10/2020;41;2642;ecommerce
10/10/2020;25;3953;ecommerce
11/10/2020;46;6603;ecommerce
12/10/2020;77;2718;ecommerce
13/10/2020;40;3210;ecommerce
14/10/2020;94;2679;ecommerce
15/10/2020;13;4271;ecommerce
16/10/2020;58;2948;ecommerce
17/10/2020;85;2185;ecommerce
18/10/2020;66;1288;ecommerce
19/10/2020;17;9466;ecommerce
20/10/2020;59;2536;ecommerce
21/10/2020;65;8992;ecommerce
22/10/2020;97;3873;ecommerce
23/10/2020;88;9953;ecommerce
24/10/2020;16;4069;ecommerce
25/10/2020;46;4926;ecommerce
26/10/2020;11;4910;ecommerce
27/10/2020;56;3705;ecommerce
28/10/2020;19;6728;ecommerce
29/10/2020;75;3738;ecommerce
30/10/2020;37;7657;ecommerce
31/10/2020;40;5860;ecommerce
01/11/2020;85;6741;ecommerce
02/11/2020;95;6531;ecommerce
03/11/2020;81;6470;ecommerce
04/11/2020;14;7097;ecommerce
05/11/2020;27;5883;ecommerce
06/11/2020;94;2739;ecommerce
07/11/2020;69;4743;ecommerce
08/11/2020;89;2733;ecommerce
09/11/2020;52;5867;ecommerce
10/11/2020;32;7606;ecommerce
11/11/2020;60;9606;ecommerce
12/11/2020;36;9104;ecommerce
13/11/2020;91;9789;ecommerce
14/11/2020;68;4188;ecommerce
15/11/2020;22;2174;ecommerce
16/11/2020;38;6965;ecommerce
17/11/2020;47;7290;ecommerce
18/11/2020;62;6130;ecommerce
19/11/2020;87;3622;ecommerce
20/11/2020;98;1212;ecommerce
21/11/2020;76;5160;ecommerce
22/11/2020;71;5117;ecommerce
23/11/2020;58;9992;ecommerce
24/11/2020;94;1064;ecommerce
25/11/2020;49;8291;ecommerce
26/11/2020;63;6872;ecommerce
27/11/2020;65;9755;ecommerce
28/11/2020;56;6845;ecommerce
29/11/2020;82;4995;ecommerce
30/11/2020;65;1735;ecommerce
01/12/2020;57;2308;ecommerce
02/12/2020;10;2679;ecommerce
03/12/2020;28;3747;ecommerce
04/12/2020;68;5429;ecommerce
05/12/2020;76;2471;ecommerce
06/12/2020;53;1640;ecommerce
07/12/2020;74;6281;ecommerce
08/12/2020;47;9528;ecommerce
09/12/2020;42;9110;ecommerce
10/12/2020;35;2969;ecommerce
11/12/2020;51;3599;ecommerce
12/12/2020;82;4748;ecommerce
13/12/2020;33;7290;ecommerce
14/12/2020;48;1107;ecommerce
15/12/2020;96;7717;ecommerce
16/12/2020;70;2731;ecommerce
17/12/2020;32;3080;ecommerce
18/12/2020;15;7899;ecommerce
19/12/2020;92;8693;ecommerce
20/12/2020;67;4217;ecommerce
21/12/2020;34;6306;ecommerce
22/12/2020;85;4755;ecommerce
23/12/2020;20;3678;ecommerce
24/12/2020;17;9675;ecommerce
25/12/2020;39;6912;ecommerce
26/12/2020;60;8381;ecommerce
27/12/2020;29;8886;ecommerce
28/12/2020;68;9909;ecommerce
29/12/2020;80;8078;ecommerce
30/12/2020;33;5763;ecommerce
31/12/2020;25;2262;ecommerce
